{"cameraMode":{"drawMode":0,"name":"Shaded","section":"Shading Mode"},"sceneLighting":true,"audioPlay":false,"sceneViewState":{"m_AlwaysRefresh":false,"showFog":true,"showSkybox":true,"showFlares":true,"showImageEffects":true,"showParticleSystems":true,"showVisualEffectGraphs":true,"m_FxEnabled":true},"in2DMode":false,"pivot":{"x":0.02608489990234375,"y":-8.182074546813965,"z":-37.958065032958987},"rotation":{"x":0.2969015836715698,"y":0.0177615974098444,"z":-0.005523458123207092,"w":0.9547276496887207},"size":18.415658950805665,"orthographic":false}